sched_id,class_id,course_id,teacher_id,start,end,day_of_week,time
1,54,1910,18,08/03/2020,01/04/2021,5,1,1
2,54,2080,18,08/03/2020,10/05/2020,3,1,1
3,54,2081,18,10/19/2020,12/21/2020,2,1,1
4,54,2082,18,08/03/2020,10/05/2020,2,1,1
5,54,2083,18,10/19/2020,12/21/2020,3,1,1
6,66,1910,18,08/03/2020,08/24/2020,4,1,1
7,66,1910,18,09/07/2020,01/25/2021,4,1,1
8,66,829,156,08/03/2020,11/16/2020,5,1,1
9,66,836,46,08/03/2020,11/09/2020,2,1,1
10,66,1904,63,11/23/2020,01/11/2021,6,1,1
11,66,499,156,11/23/2020,02/01/2021,5,1,1
12,66,499,156,02/01/2021,02/01/2021,6,1,1
13,66,855,26,08/03/2020,11/09/2020,3,1,1
14,66,17,156,08/03/2020,11/09/2020,6,1,1
15,66,900,166,11/16/2020,01/04/2021,2,1,1
16,66,833,26,01/11/2021,01/25/2021,2,1,1
17,66,833,26,11/16/2020,02/01/2021,3,1,1
18,19,1423,165,08/03/2020,01/04/2021,3,6,6
19,19,1423,165,08/03/2020,08/24/2020,4,6,6
20,19,1423,165,09/07/2020,01/04/2021,4,6,6
21,19,1428,42,08/03/2020,11/09/2020,5,1,1
22,19,1429,35,08/03/2020,12/14/2020,2,6,6
23,19,1433,70,09/21/2020,01/25/2021,4,1,1
24,19,1433,70,09/21/2020,01/25/2021,6,1,1
25,19,1433,70,08/03/2020,08/24/2020,4,1,1
26,19,1433,70,09/07/2020,09/14/2020,4,1,1
27,19,1433,70,08/03/2020,09/14/2020,6,1,1
28,19,1434,35,08/03/2020,01/25/2021,2,1,1
29,19,1434,35,08/03/2020,01/25/2021,3,1,1
30,26,1286,90,08/03/2020,11/09/2020,3,1,1
31,26,1286,90,08/03/2020,11/09/2020,5,1,1
32,26,217,90,08/03/2020,01/18/2021,6,1,1
33,26,217,90,08/03/2020,01/18/2021,7,1,1
34,26,1287,35,08/03/2020,08/24/2020,4,1,1
35,26,1287,35,09/07/2020,11/16/2020,4,1,1
36,26,461,70,08/03/2020,11/16/2020,2,1,1
37,37,1159,84,08/03/2020,12/14/2020,2,1,1
38,37,1411,70,08/03/2020,12/14/2020,2,6,6
39,37,1413,35,08/03/2020,08/24/2020,4,6,6
40,37,1413,35,09/07/2020,01/25/2021,4,6,6
41,37,1418,84,08/03/2020,08/24/2020,4,1,1
42,37,1418,84,09/07/2020,12/14/2020,4,1,1
43,37,1419,84,08/03/2020,12/14/2020,5,6,6
44,37,1421,124,08/03/2020,10/05/2020,6,1,1
45,37,1424,71,08/03/2020,01/25/2021,3,1,1
46,43,147,124,08/03/2020,11/09/2020,5,1,1
47,43,1040,19,08/03/2020,12/28/2020,6,1,1
48,43,1398,19,08/03/2020,01/25/2021,2,1,1
49,43,1398,19,08/03/2020,08/24/2020,4,1,1
50,43,1398,19,09/07/2020,01/25/2021,4,1,1
51,43,343,19,11/16/2020,12/21/2020,3,1,1
52,43,343,19,11/16/2020,12/21/2020,5,1,1
53,43,2332,124,08/03/2020,11/09/2020,3,1,1
54,38,344,84,12/07/2020,01/25/2021,3,1,1
55,38,1041,90,08/03/2020,01/25/2021,2,1,1
56,38,1292,71,08/03/2020,08/24/2020,4,6,6
57,38,1292,71,09/07/2020,01/25/2021,4,6,6
58,38,1292,71,08/03/2020,01/25/2021,5,6,6
59,38,60,84,10/05/2020,11/30/2020,3,1,1
60,38,710,124,11/09/2020,12/28/2020,2,6,6
61,38,76,124,08/03/2020,11/02/2020,2,6,6
62,38,2332,124,10/05/2020,01/11/2021,6,6,6
63,9,772,15,08/03/2020,08/24/2020,4,1,1
64,9,772,15,09/07/2020,09/21/2020,4,1,1
65,9,776,83,09/21/2020,10/26/2020,3,6,6
66,9,777,15,09/28/2020,01/04/2021,4,1,1
67,9,778,15,08/03/2020,01/25/2021,2,1,1
68,9,778,15,01/11/2021,01/25/2021,4,1,1
69,9,779,8,08/03/2020,10/19/2020,2,6,6
70,9,779,8,08/03/2020,10/19/2020,6,1,1
71,9,783,83,01/04/2021,01/18/2021,2,6,6
72,9,783,83,11/02/2020,01/18/2021,3,6,6
73,9,784,8,10/26/2020,11/16/2020,2,6,6
74,9,784,8,10/26/2020,11/16/2020,6,1,1
75,9,785,8,11/23/2020,12/14/2020,2,6,6
76,9,785,8,11/23/2020,12/14/2020,6,1,1
77,9,1454,40,08/03/2020,09/28/2020,5,1,1
78,9,1455,73,08/03/2020,01/25/2021,5,6,6
79,9,1455,73,12/28/2020,01/18/2021,6,1,1
80,9,1456,40,10/05/2020,01/11/2021,5,1,1
81,9,1453,162,08/03/2020,08/24/2020,4,6,6
82,9,1453,162,09/07/2020,01/04/2021,4,6,6
83,7,657,159,08/03/2020,09/07/2020,5,6,6
84,7,657,159,08/03/2020,09/07/2020,6,6,6
85,7,669,155,08/03/2020,08/24/2020,4,1,1
86,7,669,155,09/07/2020,09/28/2020,4,1,1
87,7,669,155,08/03/2020,09/21/2020,7,1,1
88,7,673,71,08/03/2020,09/28/2020,2,1,1
89,7,603,159,10/05/2020,10/26/2020,2,1,1
90,7,603,159,09/14/2020,10/26/2020,5,6,6
91,7,603,159,09/14/2020,10/26/2020,6,6,6
92,7,611,143,10/05/2020,10/26/2020,2,6,6
93,7,611,143,08/03/2020,10/26/2020,3,1,1
94,7,611,143,10/12/2020,10/26/2020,4,1,1
95,7,611,143,08/03/2020,10/26/2020,6,1,1
96,7,612,85,08/03/2020,11/30/2020,3,6,6
97,7,612,85,08/03/2020,08/24/2020,4,6,6
98,7,612,85,09/07/2020,11/23/2020,4,6,6
99,7,705,83,08/03/2020,10/26/2020,5,1,1
100,2,780,132,08/03/2020,01/04/2021,5,1,1
101,2,784,132,09/28/2020,11/16/2020,2,1,1
102,2,785,132,11/23/2020,01/11/2021,2,1,1
103,2,789,40,08/03/2020,01/11/2021,3,6,6
104,2,790,132,08/03/2020,09/21/2020,2,1,1
105,2,792,69,08/03/2020,09/21/2020,2,6,6
106,2,792,69,08/03/2020,09/21/2020,5,6,6
107,2,1453,162,08/03/2020,08/24/2020,4,6,6
108,2,1453,162,09/07/2020,01/04/2021,4,6,6
109,81,1794,11,08/03/2020,09/21/2020,3,1,1
110,81,1794,11,08/03/2020,09/21/2020,5,1,1
111,81,2238,11,09/28/2020,11/16/2020,3,1,1
112,81,2238,11,09/28/2020,11/16/2020,5,1,1
113,81,2239,95,10/12/2020,11/30/2020,2,1,1
114,81,2239,95,10/12/2020,11/30/2020,4,1,1
115,81,2240,95,12/07/2020,01/25/2021,4,1,1
116,81,2240,95,12/07/2020,01/25/2021,6,1,1
117,81,1803,148,08/03/2020,10/05/2020,2,1,1
118,81,2247,11,12/07/2020,02/08/2021,2,1,1
119,81,2247,11,11/23/2020,02/08/2021,3,1,1
120,81,2247,11,11/23/2020,02/08/2021,5,1,1
121,84,2193,125,08/03/2020,08/24/2020,4,6,6
122,84,2193,125,09/07/2020,12/14/2020,4,6,6
123,84,1794,11,08/03/2020,10/05/2020,2,1,1
124,84,1794,11,08/03/2020,10/05/2020,6,1,1
125,84,2238,11,10/12/2020,11/30/2020,2,1,1
126,84,2238,11,10/12/2020,11/30/2020,6,1,1
127,84,2239,95,08/03/2020,09/07/2020,3,6,6
128,84,2239,95,08/03/2020,09/07/2020,5,6,6
129,84,2239,95,08/03/2020,09/07/2020,6,6,6
130,84,2240,95,09/14/2020,10/19/2020,3,6,6
131,84,2240,95,09/14/2020,10/19/2020,5,6,6
132,84,2240,95,09/14/2020,10/19/2020,6,6,6
133,84,1798,95,08/03/2020,10/05/2020,3,1,1
134,84,1798,95,08/03/2020,10/05/2020,5,1,1
135,84,1801,101,08/03/2020,08/24/2020,4,1,1
136,84,1801,101,09/07/2020,11/30/2020,4,1,1
137,84,1805,148,10/12/2020,12/14/2020,3,1,1
138,85,1792,48,08/03/2020,08/24/2020,4,6,6
139,85,1792,48,09/07/2020,09/28/2020,4,6,6
140,85,1792,48,08/03/2020,09/28/2020,6,6,6
141,85,1800,13,08/03/2020,09/21/2020,3,6,6
142,85,1800,13,08/03/2020,09/21/2020,5,6,6
143,85,717,112,08/03/2020,11/09/2020,2,6,6
144,82,1794,13,08/03/2020,09/21/2020,3,1,1
145,82,1794,13,08/03/2020,09/21/2020,5,1,1
146,82,2238,13,09/28/2020,11/16/2020,3,1,1
147,82,2238,13,09/28/2020,11/16/2020,5,1,1
148,82,2239,48,10/12/2020,11/30/2020,2,1,1
149,82,2239,48,10/12/2020,11/30/2020,4,1,1
150,82,2240,48,12/07/2020,01/25/2021,2,1,1
151,82,2240,48,12/07/2020,01/25/2021,4,1,1
152,82,1799,48,08/03/2020,10/05/2020,2,1,1
153,82,1800,48,08/03/2020,10/05/2020,6,1,1
154,82,1803,148,08/03/2020,08/24/2020,4,1,1
155,82,1803,148,09/07/2020,10/05/2020,4,1,1
156,82,2247,13,11/23/2020,01/25/2021,3,1,1
157,82,2247,13,11/23/2020,01/25/2021,5,1,1
158,82,2247,13,11/23/2020,01/25/2021,6,1,1
159,86,1792,48,10/05/2020,11/30/2020,4,6,6
160,86,1792,48,10/05/2020,11/30/2020,6,6,6
161,86,1800,13,09/28/2020,11/16/2020,2,6,6
162,86,1800,13,09/28/2020,11/16/2020,5,6,6
163,86,717,112,08/03/2020,11/09/2020,3,6,6
164,87,1792,48,12/07/2020,01/25/2021,3,6,6
165,87,1792,48,12/07/2020,01/25/2021,6,6,6
166,87,1800,13,11/23/2020,01/11/2021,2,6,6
167,87,1800,13,11/23/2020,01/11/2021,5,6,6
168,87,717,112,08/03/2020,08/24/2020,4,6,6
169,87,717,112,09/07/2020,11/09/2020,4,6,6
173,105,1165,108,10/05/2020,01/11/2021,3,1,1
174,105,244,43,08/03/2020,12/14/2020,2,6,6
175,105,1174,109,08/03/2020,11/02/2020,6,1,1
176,105,1176,105,08/03/2020,10/05/2020,5,6,6
177,105,1177,108,08/03/2020,01/25/2021,6,6,6
178,105,1184,134,08/03/2020,01/18/2021,2,1,1
179,105,1187,67,08/03/2020,08/24/2020,4,1,1
180,105,1187,67,09/07/2020,12/14/2020,4,1,1
181,116,1123,50,08/03/2020,08/24/2020,4,6,6
182,116,1123,50,09/07/2020,10/26/2020,4,6,6
183,116,1123,50,08/03/2020,10/19/2020,6,6,6
184,116,1164,105,08/03/2020,11/09/2020,3,1,1
185,116,1172,66,10/05/2020,01/18/2021,2,1,1
186,116,1173,91,08/03/2020,08/24/2020,4,1,1
187,116,1173,91,09/07/2020,11/09/2020,4,1,1
188,116,1174,91,08/03/2020,10/26/2020,3,6,6
189,116,1180,109,08/03/2020,12/14/2020,5,6,6
190,116,1181,109,08/03/2020,12/14/2020,2,6,6
191,116,1183,66,08/03/2020,01/18/2021,6,1,1
192,112,1165,108,08/03/2020,09/07/2020,2,1,1
193,112,875,105,09/28/2020,11/30/2020,5,1,1
194,112,244,43,08/03/2020,11/09/2020,6,1,1
195,112,1174,109,08/03/2020,09/21/2020,5,1,1
196,112,1178,108,09/14/2020,12/07/2020,2,1,1
197,112,1179,67,10/12/2020,12/07/2020,3,1,1
198,112,1184,134,08/03/2020,08/24/2020,4,1,1
199,112,1184,134,09/07/2020,10/12/2020,4,1,1
200,112,1186,67,08/03/2020,10/05/2020,3,1,1
201,112,1190,134,10/19/2020,12/07/2020,4,1,1
202,120,1165,108,08/03/2020,10/12/2020,6,1,1
203,120,875,105,10/19/2020,12/21/2020,2,1,1
204,120,1174,91,09/21/2020,12/14/2020,3,1,1
205,120,1176,93,08/03/2020,10/05/2020,2,1,1
206,120,1180,43,08/03/2020,08/24/2020,4,1,1
207,120,1180,43,09/07/2020,11/02/2020,4,1,1
208,120,1181,43,11/09/2020,01/25/2021,4,1,1
209,120,1183,91,09/21/2020,12/28/2020,5,1,1
210,106,1165,108,10/05/2020,01/11/2021,4,1,1
211,106,244,43,08/03/2020,12/14/2020,3,1,1
212,106,1174,109,10/05/2020,12/28/2020,2,1,1
213,106,1176,105,08/03/2020,10/05/2020,6,1,1
214,106,1184,134,08/03/2020,01/18/2021,3,6,6
215,106,1187,67,08/03/2020,12/14/2020,5,1,1
216,117,1123,141,08/03/2020,11/09/2020,2,6,6
217,117,1123,141,08/03/2020,08/24/2020,4,1,1
218,117,1123,141,09/07/2020,09/28/2020,4,1,1
219,117,875,91,08/03/2020,10/05/2020,6,1,1
220,117,1164,105,08/03/2020,08/24/2020,4,6,6
221,117,1164,105,09/07/2020,11/09/2020,4,6,6
222,117,244,43,08/03/2020,11/09/2020,5,1,1
223,117,1172,66,10/05/2020,01/18/2021,4,1,1
224,117,1173,91,08/03/2020,10/12/2020,2,1,1
225,117,1174,91,10/26/2020,01/11/2021,2,1,1
226,117,1180,109,08/03/2020,12/14/2020,3,6,6
227,117,1181,109,08/03/2020,11/09/2020,3,1,1
228,117,1183,66,08/03/2020,01/04/2021,6,6,6
229,107,2,12,08/03/2020,09/14/2020,2,1,1
230,107,2,12,08/03/2020,08/24/2020,4,1,1
231,107,2,12,09/07/2020,09/14/2020,4,1,1
232,107,2,12,08/03/2020,09/07/2020,6,1,1
233,107,1140,43,08/03/2020,09/14/2020,3,6,6
234,107,1140,43,08/03/2020,09/14/2020,5,6,6
235,107,1143,24,08/03/2020,09/14/2020,2,6,6
236,107,1143,24,08/03/2020,08/24/2020,4,6,6
237,107,1143,24,09/07/2020,09/14/2020,4,6,6
238,107,1143,24,08/03/2020,09/14/2020,6,6,6
239,107,1151,91,08/03/2020,09/14/2020,3,1,1
240,107,1151,91,08/03/2020,09/14/2020,5,1,1
241,108,1165,108,08/03/2020,11/09/2020,3,6,6
242,108,244,43,08/03/2020,12/14/2020,2,1,1
243,108,1174,109,08/03/2020,11/09/2020,6,6,6
244,108,1176,93,08/03/2020,10/05/2020,5,1,1
245,108,1184,134,08/03/2020,01/18/2021,2,6,6
246,108,1187,67,09/14/2020,01/25/2021,4,6,6
247,118,16,114,10/05/2020,11/02/2020,2,1,1
248,118,16,114,10/05/2020,11/02/2020,4,1,1
249,118,16,114,10/05/2020,10/26/2020,6,1,1
250,118,21,52,11/09/2020,12/07/2020,2,1,1
251,118,21,52,11/09/2020,12/07/2020,4,1,1
252,118,21,52,11/09/2020,12/07/2020,6,1,1
253,39,1404,4,08/03/2020,12/14/2020,6,6,6
254,39,76,4,08/03/2020,12/14/2020,5,1,1
255,39,1416,10,10/12/2020,12/14/2020,2,6,6
256,39,1417,10,08/03/2020,10/05/2020,2,6,6
257,39,1419,10,08/03/2020,12/14/2020,3,6,6
258,39,1421,10,08/03/2020,08/24/2020,4,1,1
259,39,1421,10,09/07/2020,10/05/2020,4,1,1
260,39,2021,10,08/03/2020,01/25/2021,5,6,6
261,17,1394,8,08/03/2020,12/21/2020,3,1,1
262,17,1394,8,08/03/2020,08/24/2020,4,1,1
263,17,1394,8,09/07/2020,12/21/2020,4,1,1
264,17,1396,42,08/03/2020,01/25/2021,2,1,1
265,17,1400,121,08/03/2020,01/25/2021,3,6,6
266,17,1400,121,08/03/2020,12/07/2020,5,6,6
267,17,1402,160,08/03/2020,01/25/2021,2,6,6
268,17,1402,160,08/03/2020,10/19/2020,5,1,1
269,17,1013,90,08/03/2020,08/24/2020,4,6,6
270,17,1013,90,09/07/2020,01/04/2021,4,6,6
271,17,1013,90,08/03/2020,01/04/2021,6,6,6
272,22,2,47,08/10/2020,08/24/2020,2,1,1
273,22,2,47,09/07/2020,09/14/2020,2,1,1
274,22,2,47,08/10/2020,08/24/2020,3,1,1
275,22,2,47,09/07/2020,09/14/2020,3,1,1
276,22,2,47,08/10/2020,08/24/2020,4,1,1
277,22,2,47,09/07/2020,09/14/2020,4,1,1
278,22,2,47,08/10/2020,08/24/2020,5,1,1
279,22,2,47,09/07/2020,09/07/2020,5,1,1
280,23,1291,154,08/03/2020,12/28/2020,3,6,6
281,23,1292,65,08/03/2020,08/24/2020,4,1,1
282,23,1292,65,09/07/2020,01/25/2021,4,1,1
283,23,1393,163,08/03/2020,08/24/2020,4,6,6
284,23,1393,163,09/07/2020,11/09/2020,4,6,6
285,23,1393,163,11/16/2020,01/25/2021,4,6,6
286,23,1395,42,08/03/2020,01/25/2021,2,6,6
287,23,1399,154,08/03/2020,01/25/2021,6,1,1
288,23,1400,65,08/03/2020,01/25/2021,2,1,1
289,27,182,64,08/03/2020,11/30/2020,5,1,1
290,27,171,64,08/03/2020,01/04/2021,2,1,1
291,27,1034,64,08/03/2020,11/09/2020,3,1,1
292,27,1034,64,08/03/2020,08/24/2020,4,1,1
293,27,1034,64,09/07/2020,11/09/2020,4,1,1
294,27,172,165,08/03/2020,11/09/2020,6,1,1
295,44,343,160,11/02/2020,01/25/2021,2,1,1
296,44,999,123,08/03/2020,01/25/2021,5,1,1
297,44,1034,123,08/03/2020,01/25/2021,6,1,1
298,44,1159,160,08/03/2020,10/26/2020,2,1,1
299,44,55,165,10/26/2020,01/25/2021,4,1,1
300,44,2021,165,08/03/2020,01/25/2021,3,1,1
301,44,2021,165,08/03/2020,08/24/2020,4,1,1
302,44,2021,165,09/07/2020,10/19/2020,4,1,1
303,24,172,123,08/03/2020,01/25/2021,3,6,6
304,24,1038,121,08/03/2020,11/16/2020,2,6,6
305,24,163,42,09/21/2020,12/14/2020,4,1,1
306,28,171,116,08/03/2020,12/28/2020,2,1,1
307,28,1034,116,08/03/2020,10/26/2020,3,1,1
308,28,1034,116,08/03/2020,08/24/2020,4,1,1
309,28,1034,116,09/07/2020,10/26/2020,4,1,1
310,28,172,165,08/03/2020,11/09/2020,5,1,1
311,28,217,121,08/03/2020,11/30/2020,6,1,1
312,45,343,160,11/16/2020,01/25/2021,3,1,1
313,45,999,123,08/03/2020,01/25/2021,2,1,1
314,45,1034,123,08/03/2020,08/24/2020,4,1,1
315,45,1034,123,09/07/2020,01/25/2021,4,1,1
316,45,1159,160,08/03/2020,11/09/2020,3,1,1
317,45,55,116,10/26/2020,01/25/2021,6,1,1
318,45,2021,116,08/03/2020,01/25/2021,5,1,1
319,45,2021,116,08/03/2020,10/19/2020,6,1,1
320,32,582,152,08/10/2020,09/14/2020,2,6,6
321,32,583,152,08/10/2020,09/14/2020,6,6,6
322,32,600,64,08/10/2020,09/21/2020,3,6,6
323,32,601,64,08/10/2020,08/24/2020,4,6,6
324,32,601,64,09/07/2020,10/26/2020,4,6,6
325,32,602,142,08/10/2020,09/07/2020,5,6,6
326,32,602,142,09/28/2020,10/26/2020,5,6,6
327,32,602,71,08/10/2020,08/24/2020,4,1,1
328,32,602,71,09/07/2020,10/26/2020,4,1,1
329,32,602,71,08/10/2020,10/26/2020,5,1,1
330,32,602,64,09/28/2020,10/26/2020,3,6,6
331,32,603,71,08/10/2020,10/26/2020,6,1,1
332,32,603,152,09/21/2020,10/26/2020,6,6,6
333,32,603,152,09/21/2020,10/26/2020,2,6,6
334,18,108,94,08/03/2020,10/05/2020,3,1,1
335,18,108,94,10/12/2020,12/14/2020,3,1,1
336,18,1015,94,08/03/2020,08/24/2020,4,1,1
337,18,1015,94,09/07/2020,11/16/2020,4,1,1
338,18,74,142,08/03/2020,09/07/2020,2,6,6
339,18,74,142,09/28/2020,12/14/2020,2,6,6
340,18,74,142,08/03/2020,09/07/2020,2,1,1
341,18,74,142,09/28/2020,12/14/2020,2,1,1
342,18,72,94,08/03/2020,08/24/2020,6,1,1
343,18,72,94,08/03/2020,11/30/2020,5,1,1
344,18,72,94,08/31/2020,11/30/2020,6,1,1
345,18,1293,94,08/03/2020,01/04/2021,3,6,6
346,18,1293,94,08/03/2020,01/04/2021,5,6,6
347,18,1159,142,08/03/2020,08/24/2020,4,6,6
348,18,1159,142,09/07/2020,09/07/2020,4,6,6
349,18,1159,142,09/28/2020,01/18/2021,4,6,6
350,18,345,94,11/23/2020,01/11/2021,4,1,1
351,55,1865,80,08/03/2020,11/09/2020,2,1,1
352,55,2079,166,08/03/2020,11/02/2020,3,1,1
353,67,17,26,09/28/2020,01/04/2021,2,1,1
354,67,1865,26,08/03/2020,11/30/2020,5,1,1
355,67,900,166,11/30/2020,01/18/2021,3,1,1
356,67,802,26,08/03/2020,09/21/2020,2,1,1
357,67,499,156,11/16/2020,01/25/2021,6,1,1
358,67,833,26,11/23/2020,01/11/2021,4,1,1
359,67,829,80,08/03/2020,11/23/2020,3,1,1
360,67,836,50,08/03/2020,08/24/2020,4,1,1
361,67,836,50,09/07/2020,11/16/2020,4,1,1
362,63,829,167,08/03/2020,08/24/2020,4,6,6
363,63,829,167,09/07/2020,09/21/2020,4,6,6
364,63,834,167,08/03/2020,08/24/2020,4,1,1
365,63,834,167,09/07/2020,01/25/2021,4,1,1
366,63,836,141,08/03/2020,12/28/2020,3,1,1
367,63,852,110,08/03/2020,11/09/2020,3,6,6
368,63,853,110,11/16/2020,01/04/2021,3,6,6
369,63,916,166,08/03/2020,11/09/2020,5,6,6
370,63,854,25,09/28/2020,12/14/2020,2,6,6
371,63,855,167,08/03/2020,01/25/2021,5,1,1
372,63,833,63,09/28/2020,01/04/2021,4,6,6
373,63,862,166,11/16/2020,02/01/2021,5,6,6
374,68,1865,74,08/03/2020,10/19/2020,6,1,1
375,69,1865,74,08/03/2020,10/19/2020,7,1,1
376,70,1865,80,08/03/2020,01/25/2021,7,1,1
377,70,855,80,08/03/2020,10/26/2020,6,6,6
378,70,862,80,11/09/2020,02/01/2021,7,6,6
379,70,836,80,08/03/2020,11/02/2020,6,1,1
380,70,2079,80,08/03/2020,11/02/2020,7,6,6
381,51,499,156,08/17/2020,08/24/2020,4,6,6
382,51,499,156,09/07/2020,11/09/2020,4,6,6
383,51,842,75,08/17/2020,02/01/2021,3,6,6
384,51,853,110,08/31/2020,08/31/2020,3,1,1
385,51,854,25,08/17/2020,08/24/2020,4,1,1
386,51,854,25,09/07/2020,10/12/2020,4,1,1
387,51,858,74,08/17/2020,02/01/2021,2,6,6
388,56,1865,167,08/03/2020,01/25/2021,2,1,1
389,56,855,167,08/03/2020,09/21/2020,3,1,1
390,71,17,74,10/26/2020,01/25/2021,4,1,1
391,71,17,74,01/25/2021,01/25/2021,5,1,1
392,71,1865,74,08/03/2020,01/25/2021,2,1,1
393,71,1904,63,08/03/2020,09/21/2020,5,1,1
394,71,900,166,09/28/2020,11/16/2020,5,1,1
395,71,802,74,11/23/2020,01/11/2021,5,1,1
396,71,499,63,08/03/2020,08/24/2020,4,1,1
397,71,499,63,09/07/2020,10/19/2020,4,1,1
398,71,833,74,11/16/2020,01/04/2021,3,1,1
399,71,836,52,08/03/2020,11/09/2020,3,1,1
400,64,833,89,09/28/2020,01/04/2021,4,6,6
401,64,834,80,08/03/2020,02/01/2021,3,6,6
402,64,852,110,08/03/2020,11/09/2020,5,1,1
403,64,853,110,11/16/2020,01/04/2021,5,1,1
404,64,854,25,08/03/2020,10/12/2020,3,1,1
405,64,855,74,08/03/2020,01/18/2021,5,6,6
406,64,862,166,11/16/2020,01/25/2021,6,6,6
407,64,836,169,08/03/2020,08/24/2020,4,1,1
408,64,836,169,09/07/2020,01/04/2021,4,1,1
409,64,916,166,08/03/2020,11/09/2020,6,6,6
410,64,829,80,08/03/2020,08/24/2020,4,6,6
411,64,829,80,09/07/2020,09/21/2020,4,6,6
412,57,1865,75,08/03/2020,01/25/2021,3,1,1
413,57,2079,166,08/03/2020,11/02/2020,2,1,1
414,72,17,156,10/19/2020,01/25/2021,3,1,1
415,72,1865,156,08/03/2020,01/25/2021,2,1,1
416,72,1904,63,09/28/2020,11/16/2020,6,1,1
417,72,900,166,08/03/2020,09/21/2020,6,1,1
418,72,802,26,12/07/2020,01/25/2021,5,1,1
419,72,499,156,08/03/2020,10/12/2020,3,1,1
420,72,833,89,08/03/2020,09/21/2020,5,1,1
421,72,829,75,11/23/2020,01/25/2021,4,1,1
422,72,829,75,09/28/2020,11/30/2020,5,1,1
423,72,836,38,08/03/2020,08/24/2020,4,1,1
424,72,836,38,09/07/2020,11/16/2020,4,1,1
425,129,25,169,08/03/2020,11/09/2020,2,1,1
426,129,25,169,08/03/2020,11/09/2020,5,1,1
427,128,499,79,08/03/2020,08/31/2020,5,1,1
428,128,1385,164,08/03/2020,08/24/2020,4,1,1
429,128,1385,164,09/07/2020,11/16/2020,4,1,1
430,128,1940,79,08/03/2020,12/28/2020,2,1,1
431,128,1940,79,09/07/2020,09/28/2020,5,1,1
432,128,1942,79,08/03/2020,12/28/2020,3,1,1
433,128,1942,79,10/05/2020,10/05/2020,5,1,1
434,128,812,169,08/03/2020,11/09/2020,6,1,1
435,131,836,141,08/03/2020,01/04/2021,5,1,1
436,132,982,41,01/04/2021,01/25/2021,2,1,1
437,132,982,41,11/16/2020,01/25/2021,3,1,1
438,132,1355,164,08/03/2020,10/05/2020,2,1,1
439,132,981,164,08/03/2020,01/04/2021,6,1,1
440,132,831,164,10/12/2020,12/14/2020,2,1,1
441,132,976,79,10/12/2020,01/18/2021,5,1,1
442,132,972,79,08/03/2020,08/24/2020,4,1,1
443,132,972,79,09/07/2020,01/04/2021,4,1,1
444,132,812,50,08/03/2020,11/09/2020,3,1,1
445,3,19,4,09/21/2020,12/07/2020,6,1,1
446,3,348,38,08/03/2020,01/04/2021,5,1,1
447,3,761,159,08/03/2020,09/21/2020,2,6,6
448,3,761,159,08/03/2020,08/24/2020,4,1,1
449,3,761,159,09/07/2020,09/21/2020,4,1,1
450,3,764,83,08/03/2020,10/19/2020,5,6,6
451,3,726,159,09/28/2020,10/19/2020,2,6,6
452,3,726,159,09/28/2020,10/19/2020,4,1,1
453,3,766,159,10/26/2020,11/16/2020,2,6,6
454,3,766,159,10/26/2020,11/16/2020,4,1,1
455,3,767,159,11/23/2020,12/28/2020,2,6,6
456,3,767,159,11/23/2020,12/28/2020,4,1,1
457,3,769,40,08/03/2020,11/09/2020,3,1,1
458,4,163,56,08/03/2020,08/24/2020,4,1,1
459,4,163,56,09/07/2020,09/21/2020,4,1,1
460,4,48,125,08/03/2020,10/12/2020,3,1,1
461,4,48,125,08/03/2020,10/05/2020,6,1,1
462,4,348,83,09/28/2020,11/09/2020,4,1,1
463,4,348,83,10/12/2020,11/09/2020,6,1,1
464,4,758,77,08/03/2020,10/05/2020,2,1,1
465,4,217,77,10/12/2020,11/09/2020,2,1,1
466,4,217,77,10/19/2020,11/09/2020,3,1,1
467,4,217,77,08/03/2020,11/09/2020,5,1,1
468,11,710,15,08/03/2020,09/21/2020,5,6,6
469,11,343,40,10/05/2020,11/23/2020,5,6,6
470,11,163,6,11/23/2020,12/28/2020,2,6,6
471,11,751,40,11/30/2020,01/18/2021,5,6,6
472,11,717,83,08/03/2020,09/14/2020,3,6,6
473,11,717,83,08/03/2020,08/24/2020,4,6,6
474,11,717,83,09/07/2020,09/14/2020,4,6,6
475,11,717,83,08/03/2020,09/14/2020,6,6,6
476,11,718,24,09/21/2020,12/14/2020,3,6,6
477,11,718,24,09/21/2020,12/07/2020,4,6,6
478,11,718,24,09/21/2020,12/07/2020,6,6,6
479,11,1822,24,01/18/2021,01/25/2021,2,6,6
480,11,1822,24,12/21/2020,01/25/2021,3,6,6
481,11,1822,24,12/14/2020,01/25/2021,4,6,6
482,11,1822,24,12/14/2020,01/25/2021,6,6,6
483,11,812,38,08/03/2020,11/09/2020,2,6,6
484,93,1275,137,08/03/2020,09/21/2020,2,6,6
485,93,1275,137,08/03/2020,08/24/2020,4,6,6
486,93,1275,137,09/07/2020,09/21/2020,4,6,6
487,93,1234,168,08/03/2020,12/07/2020,3,6,6
488,93,1234,168,08/03/2020,12/07/2020,5,6,6
489,101,1260,168,08/03/2020,10/26/2020,2,1,1
490,101,1260,168,08/03/2020,08/24/2020,4,1,1
491,101,1260,168,09/07/2020,10/26/2020,4,1,1
492,101,812,36,08/03/2020,11/09/2020,3,1,1
493,101,1207,69,08/03/2020,10/19/2020,5,1,1
494,101,1203,106,10/26/2020,12/14/2020,5,1,1
495,101,1208,138,08/03/2020,10/19/2020,6,1,1
496,101,1218,69,11/02/2020,01/18/2021,4,1,1
497,101,1215,103,12/21/2020,01/25/2021,2,1,1
498,101,1215,103,12/21/2020,01/25/2021,3,1,1
499,101,1215,103,01/11/2021,01/25/2021,5,1,1
500,101,1259,103,11/02/2020,12/14/2020,2,1,1
501,101,1259,103,11/16/2020,12/14/2020,3,1,1
502,101,1255,53,10/26/2020,01/11/2021,6,1,1
503,97,1231,100,08/03/2020,09/21/2020,2,1,1
504,97,1231,100,08/03/2020,09/14/2020,6,1,1
505,97,1259,137,09/28/2020,10/05/2020,2,1,1
506,97,1259,137,08/03/2020,08/24/2020,4,1,1
507,97,1259,137,09/07/2020,10/12/2020,4,1,1
508,97,1234,111,08/03/2020,10/12/2020,3,1,1
509,97,1234,111,08/03/2020,10/05/2020,5,1,1
510,97,1234,111,09/21/2020,10/12/2020,6,1,1
511,94,1275,137,08/03/2020,09/21/2020,2,6,6
512,94,1275,137,08/03/2020,08/24/2020,4,6,6
513,94,1275,137,09/07/2020,09/21/2020,4,6,6
514,94,1234,168,08/03/2020,12/07/2020,3,6,6
515,94,1234,168,08/03/2020,12/07/2020,5,6,6
516,98,1231,100,08/03/2020,09/21/2020,2,1,1
517,98,1231,100,08/03/2020,09/14/2020,6,1,1
518,98,1259,137,09/28/2020,10/05/2020,2,1,1
519,98,1259,137,08/03/2020,08/24/2020,4,1,1
520,98,1259,137,09/07/2020,10/12/2020,4,1,1
521,98,1234,111,08/03/2020,10/12/2020,3,1,1
522,98,1234,111,08/03/2020,10/05/2020,5,1,1
523,98,1234,111,09/21/2020,10/12/2020,6,1,1
524,102,1259,137,10/26/2020,01/11/2021,6,1,1
525,102,1231,100,11/02/2020,01/11/2021,4,1,1
526,102,1231,100,12/21/2020,01/11/2021,5,1,1
527,102,1260,137,08/03/2020,10/26/2020,3,1,1
528,102,1260,137,08/03/2020,10/19/2020,6,1,1
529,102,1255,53,12/21/2020,01/25/2021,2,1,1
530,102,1255,53,12/21/2020,01/25/2021,3,1,1
531,102,1207,69,09/28/2020,11/02/2020,2,1,1
532,102,1207,69,11/02/2020,11/02/2020,3,1,1
533,102,1207,69,09/28/2020,10/26/2020,4,1,1
534,102,1203,106,08/03/2020,09/21/2020,5,1,1
535,102,1208,138,09/28/2020,12/14/2020,5,1,1
536,102,1218,69,11/09/2020,12/14/2020,2,1,1
537,102,1218,69,11/09/2020,12/14/2020,3,1,1
538,102,1215,103,08/03/2020,09/21/2020,2,1,1
539,102,1215,103,08/03/2020,08/24/2020,4,1,1
540,102,1215,103,09/07/2020,09/21/2020,4,1,1
541,95,45,54,08/03/2020,01/04/2021,6,6,6
542,95,1227,168,09/07/2020,10/05/2020,2,6,6
543,95,1227,168,09/07/2020,10/05/2020,4,6,6
544,95,1227,168,09/07/2020,10/05/2020,7,6,6
545,95,1231,100,08/03/2020,08/31/2020,2,6,6
546,95,1231,100,08/03/2020,08/24/2020,4,6,6
547,95,1231,100,08/03/2020,08/31/2020,7,6,6
548,95,1231,100,09/07/2020,09/07/2020,8,6,6
549,95,1272,111,08/03/2020,09/07/2020,3,6,6
550,95,1272,111,08/03/2020,08/31/2020,5,6,6
551,95,1275,137,09/14/2020,10/26/2020,3,6,6
552,95,1275,137,09/07/2020,10/26/2020,5,6,6
553,95,1234,168,10/12/2020,12/07/2020,2,6,6
554,95,1234,168,11/02/2020,12/07/2020,3,6,6
555,95,1234,168,10/12/2020,12/07/2020,4,6,6
556,95,1234,168,11/02/2020,12/07/2020,5,6,6
557,95,1234,168,10/12/2020,11/30/2020,7,6,6
558,103,1260,111,08/03/2020,10/26/2020,2,1,1
559,103,1260,111,08/03/2020,08/24/2020,4,1,1
560,103,1260,111,09/07/2020,10/26/2020,4,1,1
561,103,812,36,08/03/2020,11/09/2020,3,1,1
562,103,1207,69,08/03/2020,10/19/2020,5,1,1
563,103,1203,106,10/26/2020,12/14/2020,5,1,1
564,103,1208,138,08/03/2020,10/19/2020,6,1,1
565,103,1218,69,11/02/2020,01/18/2021,4,1,1
566,103,1215,103,12/21/2020,01/25/2021,2,1,1
567,103,1215,103,12/21/2020,01/25/2021,3,1,1
568,103,1215,103,01/11/2021,01/25/2021,5,1,1
569,103,1259,103,11/02/2020,12/14/2020,2,1,1
570,103,1259,103,11/16/2020,12/14/2020,3,1,1
571,103,1255,53,10/26/2020,01/11/2021,6,1,1
572,121,28,4,08/03/2020,09/21/2020,5,6,6
573,121,1459,73,10/12/2020,01/18/2021,4,6,6
574,121,17,107,08/03/2020,08/24/2020,4,6,6
575,121,17,107,09/07/2020,09/28/2020,4,6,6
576,121,1462,118,08/03/2020,12/07/2020,3,6,6
577,121,1467,82,08/03/2020,10/12/2020,6,6,6
578,121,1470,5,12/21/2020,01/11/2021,2,6,6
579,121,1470,5,12/21/2020,01/25/2021,3,6,6
580,121,1486,82,10/19/2020,12/28/2020,6,6,6
581,121,1522,93,10/05/2020,01/11/2021,5,6,6
582,121,1523,118,08/03/2020,08/17/2020,3,1,1
583,121,1523,118,08/03/2020,08/17/2020,4,1,1
584,121,1523,118,08/03/2020,08/24/2020,5,1,1
585,121,1524,107,08/03/2020,12/14/2020,2,1,1
586,121,1525,93,01/18/2021,01/25/2021,2,6,6
587,121,1525,93,01/25/2021,01/25/2021,4,6,6
588,121,1525,93,01/18/2021,01/25/2021,5,6,6
589,121,1525,93,01/11/2021,01/25/2021,6,6,6
590,110,1447,5,01/04/2021,01/18/2021,2,1,1
591,110,1447,5,12/14/2020,01/18/2021,4,6,6
592,110,56,93,08/03/2020,08/24/2020,2,6,6
593,110,1449,93,08/31/2020,10/19/2020,2,6,6
594,110,1450,93,10/26/2020,12/14/2020,2,6,6
595,110,1499,5,08/03/2020,11/30/2020,3,6,6
596,110,1500,118,11/02/2020,01/18/2021,3,1,1
597,110,1507,82,08/03/2020,10/12/2020,5,1,1
598,110,1509,109,10/05/2020,10/05/2020,4,6,6
599,110,1509,109,11/09/2020,12/07/2020,4,6,6
600,110,1509,109,10/12/2020,11/02/2020,4,6,6
601,110,1512,5,08/03/2020,10/26/2020,2,1,1
602,110,1513,5,11/02/2020,12/28/2020,2,1,1
603,110,1514,82,10/19/2020,12/14/2020,5,1,1
604,110,1515,118,08/24/2020,10/26/2020,3,1,1
605,110,1518,118,09/07/2020,11/02/2020,4,1,1
606,110,1521,73,08/03/2020,08/24/2020,4,6,6
607,110,1521,73,09/07/2020,09/28/2020,4,6,6
608,119,1442,93,08/03/2020,09/21/2020,6,6,6
609,119,1446,107,08/31/2020,10/19/2020,2,1,1
610,119,28,4,08/03/2020,10/12/2020,5,6,6
611,119,17,107,08/03/2020,08/24/2020,4,6,6
612,119,17,107,09/07/2020,10/19/2020,4,6,6
613,119,1462,118,08/03/2020,12/14/2020,3,6,6
614,119,1464,109,08/03/2020,08/24/2020,4,1,1
615,119,1464,109,09/07/2020,01/25/2021,4,1,1
616,119,1465,118,08/03/2020,10/05/2020,6,1,1
617,119,1469,118,10/12/2020,12/14/2020,6,1,1
618,119,1470,5,12/21/2020,01/11/2021,2,6,6
619,119,1470,5,12/21/2020,01/25/2021,3,6,6
620,119,1471,93,12/07/2020,12/21/2020,6,6,6
621,119,1472,93,09/28/2020,11/30/2020,6,6,6
622,119,1473,93,12/21/2020,01/04/2021,6,6,6
623,119,1480,73,08/03/2020,11/09/2020,5,1,1
624,119,1481,118,10/19/2020,12/21/2020,5,6,6
625,119,1483,82,08/03/2020,11/09/2020,2,6,6
626,119,1484,93,01/18/2021,01/25/2021,5,1,1
627,119,1485,5,10/26/2020,12/07/2020,4,6,6
628,119,1485,5,11/16/2020,11/30/2020,5,1,1
629,119,1489,88,01/18/2021,01/25/2021,2,6,6
630,79,802,156,08/03/2020,08/24/2020,4,1,1
631,79,802,156,09/07/2020,09/28/2020,4,1,1
632,79,829,156,08/03/2020,11/16/2020,5,1,1
633,79,836,46,08/03/2020,11/09/2020,2,1,1
634,79,1904,63,11/23/2020,01/11/2021,6,1,1
635,79,499,156,11/23/2020,02/01/2021,5,1,1
636,79,499,156,02/01/2021,02/01/2021,6,1,1
637,79,855,26,08/03/2020,11/09/2020,3,1,1
638,79,17,156,08/03/2020,11/09/2020,6,1,1
639,79,900,166,11/16/2020,01/04/2021,2,1,1
640,79,833,26,01/11/2021,01/25/2021,2,1,1
641,79,833,26,11/16/2020,02/01/2021,3,1,1
642,65,863,89,08/03/2020,08/24/2020,4,1,1
643,65,863,89,09/07/2020,01/25/2021,4,1,1
644,65,910,75,08/03/2020,09/21/2020,2,6,6
645,65,920,75,08/03/2020,01/18/2021,2,1,1
646,65,829,80,08/03/2020,08/24/2020,4,6,6
647,65,829,80,09/07/2020,09/21/2020,4,6,6
648,65,836,141,08/03/2020,12/28/2020,3,1,1
649,65,852,110,08/03/2020,11/09/2020,3,6,6
650,65,853,110,11/16/2020,01/04/2021,3,6,6
651,65,916,166,08/03/2020,11/09/2020,5,6,6
652,65,854,25,09/28/2020,12/14/2020,2,6,6
653,65,855,167,08/03/2020,01/25/2021,5,1,1
654,65,833,63,09/28/2020,01/04/2021,4,6,6
655,65,862,166,11/16/2020,02/01/2021,5,6,6
656,114,2152,151,08/03/2020,12/28/2020,2,1,1
657,114,2152,151,11/30/2020,12/28/2020,3,6,6
658,114,2152,151,08/03/2020,08/24/2020,4,1,1
659,114,2152,151,09/07/2020,12/28/2020,4,6,6
660,114,2153,151,08/03/2020,11/23/2020,3,1,1
661,114,2153,151,08/03/2020,11/23/2020,5,1,1
662,114,2721,151,08/03/2020,10/26/2020,6,1,1
663,114,2722,151,11/30/2020,12/28/2020,5,6,6
664,114,2722,151,11/02/2020,01/04/2021,6,6,6
665,122,1462,118,08/03/2020,12/07/2020,3,6,6
666,122,2148,118,12/07/2020,01/18/2021,4,6,6
667,122,2148,118,12/28/2020,01/18/2021,5,6,6
668,122,2148,118,12/21/2020,01/11/2021,6,6,6
669,122,2149,20,08/03/2020,10/26/2020,2,1,1
670,122,2149,20,08/03/2020,08/24/2020,4,1,1
671,122,2149,20,09/07/2020,10/26/2020,4,6,6
672,122,2150,20,11/02/2020,01/04/2021,2,6,6
673,122,2150,20,11/02/2020,11/30/2020,4,6,6
674,122,2151,20,08/03/2020,09/07/2020,5,1,1
675,122,2151,20,08/03/2020,08/31/2020,6,1,1
676,122,2155,20,09/14/2020,12/21/2020,5,6,6
677,122,2156,20,09/07/2020,12/14/2020,6,6,6
678,25,1084,65,08/03/2020,01/25/2021,3,1,1
679,25,1071,65,08/03/2020,01/25/2021,3,6,6
680,25,217,154,08/03/2020,08/24/2020,4,6,6
681,25,217,154,09/07/2020,01/25/2021,4,6,6
682,25,2022,163,08/03/2020,12/28/2020,2,6,6
683,42,17,10,09/21/2020,01/18/2021,2,1,1
684,42,18,42,08/03/2020,09/21/2020,3,1,1
685,42,22,160,08/03/2020,09/21/2020,5,6,6
686,42,2,54,08/03/2020,09/14/2020,2,1,1
687,42,2,54,08/03/2020,08/24/2020,4,1,1
688,42,2,54,09/07/2020,09/14/2020,4,1,1
689,42,2,54,08/03/2020,09/07/2020,6,1,1
690,42,1292,154,09/21/2020,01/25/2021,4,1,1
691,42,1391,163,10/12/2020,01/25/2021,3,6,6
692,42,1391,163,08/03/2020,10/05/2020,3,6,6
693,42,343,160,09/28/2020,12/07/2020,5,6,6
694,42,163,42,09/28/2020,01/04/2021,3,1,1
695,42,1030,42,08/03/2020,08/24/2020,4,6,6
696,42,1030,42,09/07/2020,01/04/2021,4,6,6
697,42,710,124,11/09/2020,12/28/2020,2,6,6
698,42,76,124,08/03/2020,11/02/2020,2,6,6
699,42,2332,124,10/05/2020,01/11/2021,6,6,6
700,29,1899,154,08/03/2020,12/28/2020,2,1,1
701,29,1030,154,08/03/2020,12/28/2020,5,1,1
702,29,2021,163,08/03/2020,11/16/2020,3,1,1
703,29,2021,163,08/03/2020,08/24/2020,4,1,1
704,29,2021,163,09/07/2020,12/21/2020,4,1,1
705,46,1292,154,08/03/2020,01/25/2021,3,1,1
706,46,18,42,08/03/2020,09/21/2020,6,1,1
707,46,1068,160,08/03/2020,08/24/2020,4,1,1
708,46,1068,160,09/07/2020,09/21/2020,4,1,1
709,46,55,160,09/28/2020,01/11/2021,4,1,1
710,46,1030,42,09/28/2020,01/11/2021,6,1,1
711,46,1032,163,11/02/2020,01/25/2021,2,1,1
712,46,2021,163,08/03/2020,10/26/2020,2,1,1
713,46,2021,163,08/03/2020,01/18/2021,5,1,1
714,34,1,5,08/03/2020,09/07/2020,7,1,1
715,34,51,97,08/03/2020,10/26/2020,2,6,6
716,34,51,97,08/03/2020,08/24/2020,4,1,1
717,34,51,97,09/07/2020,10/26/2020,4,1,1
718,34,635,10,08/03/2020,08/24/2020,4,6,6
719,34,635,10,09/07/2020,09/28/2020,4,6,6
720,34,636,152,09/14/2020,10/26/2020,2,1,1
721,34,636,152,09/14/2020,10/26/2020,3,1,1
722,34,639,65,08/03/2020,09/28/2020,5,1,1
723,34,643,32,08/03/2020,08/24/2020,3,6,6
724,34,643,65,08/03/2020,10/26/2020,5,6,6
725,34,646,10,08/03/2020,09/07/2020,6,1,1
726,96,1234,53,08/03/2020,08/24/2020,4,6,6
727,96,1234,53,09/07/2020,12/07/2020,4,6,6
728,96,1234,53,08/03/2020,12/07/2020,6,6,6
729,96,1282,137,11/02/2020,12/07/2020,4,1,1
730,96,1282,137,11/02/2020,12/07/2020,5,1,1
731,99,1234,53,08/03/2020,09/14/2020,2,1,1
732,99,1234,53,08/03/2020,09/14/2020,3,1,1
733,99,1234,53,08/03/2020,08/24/2020,4,1,1
734,99,1234,53,09/07/2020,09/07/2020,4,1,1
735,99,1234,53,08/03/2020,09/07/2020,5,1,1
736,100,1213,137,01/18/2021,01/25/2021,3,6,6
737,100,1213,137,01/18/2021,01/25/2021,5,6,6
738,100,1213,137,11/30/2020,11/30/2020,6,6,6
739,100,1213,137,12/07/2020,01/11/2021,7,6,6
740,100,1215,103,08/03/2020,09/21/2020,2,6,6
741,100,1215,103,08/03/2020,08/24/2020,4,6,6
742,100,1215,103,09/07/2020,09/14/2020,4,6,6
743,100,1215,103,08/03/2020,09/14/2020,6,6,6
744,100,1215,103,09/21/2020,09/21/2020,7,6,6
745,100,264,111,01/04/2021,01/25/2021,2,6,6
746,100,264,111,01/04/2021,01/25/2021,4,6,6
747,100,264,111,12/14/2020,01/25/2021,6,6,6
748,100,1282,103,09/28/2020,10/12/2020,2,6,6
749,100,1282,103,09/21/2020,10/12/2020,4,6,6
750,100,1282,103,09/21/2020,10/12/2020,6,6,6
751,100,1283,69,12/07/2020,01/11/2021,3,6,6
752,100,1283,69,12/07/2020,01/04/2021,5,6,6
753,100,2130,111,10/19/2020,12/28/2020,2,6,6
754,100,2130,111,10/19/2020,12/28/2020,4,6,6
755,100,2133,53,09/28/2020,11/30/2020,3,6,6
756,100,2133,53,09/21/2020,11/30/2020,5,6,6
757,100,2133,53,09/28/2020,11/23/2020,8,6,6
758,100,2723,138,08/03/2020,09/21/2020,3,6,6
759,100,2723,138,08/03/2020,09/14/2020,5,6,6
760,104,1211,103,09/28/2020,10/26/2020,3,1,1
761,104,1211,103,11/02/2020,11/09/2020,4,1,1
762,104,1211,103,09/21/2020,11/09/2020,6,1,1
763,104,812,36,12/21/2020,01/25/2021,2,1,1
764,104,812,36,12/21/2020,01/25/2021,3,1,1
765,104,2130,103,11/16/2020,01/18/2021,4,1,1
766,104,2130,103,11/16/2020,01/11/2021,6,1,1
767,104,2132,69,08/03/2020,09/21/2020,3,1,1
768,104,2132,69,08/03/2020,09/14/2020,6,1,1
769,104,1207,69,09/28/2020,11/02/2020,2,1,1
770,104,1207,69,11/02/2020,11/02/2020,3,1,1
771,104,1207,69,09/28/2020,10/26/2020,4,1,1
772,104,1203,106,08/03/2020,09/21/2020,5,1,1
773,104,1208,138,09/28/2020,12/14/2020,5,1,1
774,104,1218,69,11/09/2020,12/14/2020,2,1,1
775,104,1218,69,11/09/2020,12/14/2020,3,1,1
776,104,1215,103,08/03/2020,09/21/2020,2,1,1
777,104,1215,103,08/03/2020,08/24/2020,4,1,1
778,104,1215,103,09/07/2020,09/21/2020,4,1,1
779,83,2195,95,08/03/2020,08/24/2020,4,1,1
780,83,2195,95,09/07/2020,10/05/2020,4,1,1
781,83,2196,148,12/28/2020,02/08/2021,4,1,1
782,83,2196,148,12/28/2020,02/08/2021,7,1,1
783,83,1770,148,10/12/2020,12/21/2020,4,1,1
784,83,1753,101,08/03/2020,11/30/2020,2,1,1
785,83,1753,101,08/03/2020,11/30/2020,3,1,1
786,83,1753,101,08/03/2020,11/30/2020,5,1,1
787,83,1753,101,08/03/2020,11/30/2020,6,1,1
788,83,1772,101,12/07/2020,01/25/2021,2,1,1
789,83,1772,101,12/07/2020,01/25/2021,3,1,1
790,83,1772,101,12/07/2020,01/25/2021,5,1,1
791,83,1772,101,12/07/2020,01/25/2021,6,1,1
